Player,Team,On-Off
Aaron Gordon,2TM,6.2
Aaron Holiday,IND,-0.2
Aaron Nesmith,BOS,-1.5
Abdel Nader,PHO,-2.8
Adam Mokoka,CHI,-3.7
Al Horford,OKC,6.2
Al-Farouq Aminu,2TM,0.6
Alec Burks,NYK,4.2
Aleksej Pokusevski,OKC,-9.6
Alen Smailagić,GSW,-16.7
Alex Caruso,LAL,3.2
Alex Len,2TM,-3.7
Alfonzo McKinnie,LAL,0.1
Alize Johnson,BRK,-7.4
Amida Brimah,IND,38.0
Amir Coffey,LAC,-10.0
Anderson Varejão,CLE,-33.2
Andre Drummond,2TM,-0.2
Andre Iguodala,MIA,-2.7
Andre Roberson,BRK,-18.0
Andrew Wiggins,GSW,-2.3
Anfernee Simons,POR,-2.2
Anthony Davis,LAL,3.4
Anthony Edwards,MIN,0.3
Anthony Gill,WAS,2.1
Anthony Lamb,HOU,-3.1
Anthony Tolliver,PHI,8.1
Anžejs Pasečņiks,WAS,-98.3
Armoni Brooks,HOU,-6.2
Aron Baynes,TOR,-5.9
Ashton Hagans,MIN,-34.6
Austin Rivers,2TM,-3.1
Avery Bradley,2TM,-5.3
Axel Toupane,MIL,-4.1
Bam Adebayo,MIA,0.8
Ben McLemore,2TM,-1.6
Ben Simmons,PHI,6.2
Bismack Biyombo,CHO,-9.8
Blake Griffin,2TM,2.5
Boban Marjanović,DAL,1.4
Bobby Portis,MIL,-0.5
Bogdan Bogdanović,ATL,2.6
Bojan Bogdanović,UTA,-0.9
Bol Bol,DEN,-29.4
Brad Wanamaker,2TM,-5.3
Bradley Beal,WAS,3.2
Brandon Clarke,MEM,-1.9
Brandon Goodwin,ATL,-6.5
Brandon Ingram,NOP,2.5
Brian Bowen,IND,0.0
Brodric Thomas,2TM,3.2
Brook Lopez,MIL,2.8
Bruce Brown,BRK,0.4
Bruno Caboclo,HOU,9.4
Bruno Fernando,ATL,-7.8
Bryn Forbes,MIL,-5.5
Buddy Hield,SAC,6.9
CJ Elleby,POR,-5.9
CJ McCollum,POR,6.7
Caleb Martin,CHO,-3.6
Cam Reddish,ATL,-7.1
Cameron Johnson,PHO,-0.9
Cameron Oliver,HOU,0.2
Cameron Payne,PHO,3.7
Cameron Reynolds,2TM,-24.8
Caris LeVert,2TM,-2.3
Carmelo Anthony,POR,-6.4
Carsen Edwards,BOS,-6.7
Cassius Stanley,IND,9.3
Cassius Winston,WAS,-22.5
Cedi Osman,CLE,-3.8
Chandler Hutchison,2TM,-5.1
Charlie Brown Jr.,OKC,-1.3
Chasson Randle,ORL,-6.9
Chimezie Metu,SAC,-2.8
Chris Boucher,TOR,6.9
Chris Chiozza,BRK,0.5
Chris Paul,PHO,2.1
Chris Silva,2TM,0.6
Christian Wood,HOU,6.5
Chuma Okeke,ORL,3.8
Clint Capela,ATL,10.5
Coby White,CHI,-3.9
Cody Martin,CHO,4.3
Cody Zeller,CHO,4.5
Cole Anthony,ORL,-5.0
Collin Sexton,CLE,-1.9
Cory Joseph,2TM,-2.7
Cristiano Felício,CHI,12.5
D'Angelo Russell,MIN,-3.0
D.J. Augustin,2TM,-3.9
D.J. Wilson,2TM,-7.3
DaQuan Jeffries,2TM,0.7
Dakota Mathias,PHI,-19.0
Damian Jones,3TM,-4.8
Damian Lillard,POR,6.6
Damion Lee,GSW,0.0
Damyean Dotson,CLE,-4.8
Daniel Gafford,2TM,5.6
Daniel Oturu,LAC,-4.6
Daniel Theis,2TM,-1.9
Danilo Gallinari,ATL,0.2
Danny Green,PHI,3.8
Dante Exum,CLE,13.4
Danuel House Jr.,HOU,-5.5
Dario Šarić,PHO,7.1
Darius Bazley,OKC,-5.1
Darius Garland,CLE,3.9
Darius Miller,OKC,20.2
David Nwaba,HOU,8.4
De'Aaron Fox,SAC,-2.1
De'Andre Hunter,ATL,4.2
De'Anthony Melton,MEM,6.7
DeAndre Jordan,BRK,-8.9
DeAndre' Bembry,TOR,2.0
DeMar DeRozan,SAS,-1.9
DeMarcus Cousins,2TM,0.0
Dean Wade,CLE,-2.1
Deandre Ayton,PHO,-0.2
Deividas Sirvydis,DET,-7.4
Dejounte Murray,SAS,8.9
Delon Wright,2TM,1.7
Deni Avdija,WAS,-1.1
Dennis Schröder,LAL,-0.4
Dennis Smith Jr.,2TM,2.4
Denzel Valentine,CHI,4.0
Derrick Favors,UTA,-11.7
Derrick Jones Jr.,POR,-3.3
Derrick Rose,2TM,6.6
Derrick White,SAS,9.4
Desmond Bane,MEM,-2.8
Devin Booker,PHO,3.1
Devin Cannady,ORL,-3.8
Devin Vassell,SAS,-1.1
Devon Dotson,CHI,32.7
Devontae Cacok,LAL,14.4
Devonte' Graham,CHO,7.5
Dewayne Dedmon,MIA,16.9
Didi Louzada,NOP,-11.5
Dillon Brooks,MEM,7.2
Domantas Sabonis,IND,-5.3
Donovan Mitchell,UTA,-3.2
Donta Hall,ORL,7.0
Donte DiVincenzo,MIL,3.7
Dorian Finney-Smith,DAL,6.7
Doug McDermott,IND,-4.5
Draymond Green,GSW,9.6
Drew Eubanks,SAS,-4.7
Duncan Robinson,MIA,5.1
Dwayne Bacon,ORL,-4.5
Dwight Howard,PHI,-11.9
Dwight Powell,DAL,2.4
Dylan Windler,CLE,3.6
Dāvis Bertāns,WAS,6.4
E'Twaun Moore,PHO,-7.3
Ed Davis,MIN,-2.6
Edmond Sumner,IND,-1.9
Elfrid Payton,NYK,-9.4
Elijah Bryant,MIL,8.9
Elijah Hughes,UTA,-36.2
Enes Freedom,POR,4.1
Eric Bledsoe,NOP,-1.9
Eric Gordon,HOU,4.4
Eric Paschall,GSW,-9.4
Ersan İlyasova,UTA,-5.8
Evan Fournier,2TM,4.4
Facundo Campazzo,DEN,-2.5
Frank Jackson,DET,5.0
Frank Kaminsky,PHO,-2.3
Frank Mason III,ORL,-1.1
Frank Ntilikina,NYK,-4.4
Fred VanVleet,TOR,8.5
Freddie Gillespie,TOR,-10.6
Furkan Korkmaz,PHI,1.8
Gabe Vincent,MIA,-5.9
Gabriel Deck,OKC,-1.9
Garrett Temple,CHI,4.4
Garrison Mathews,WAS,-5.2
Gary Clark,3TM,0.4
Gary Harris,2TM,-2.9
Gary Payton II,GSW,7.9
Gary Trent Jr.,2TM,-4.2
George Hill,2TM,3.9
Georges Niang,UTA,8.0
Giannis Antetokounmpo,MIL,6.7
Glenn Robinson III,SAC,-14.0
Goga Bitadze,IND,-1.3
Goran Dragić,MIA,1.3
Gordon Hayward,CHO,4.2
Gorgui Dieng,2TM,-7.4
Grant Riller,CHO,-13.8
Grant Williams,BOS,-4.2
Grayson Allen,MEM,-1.1
Greg Whittington,DEN,28.1
Hamidou Diallo,2TM,1.2
Harrison Barnes,SAC,6.5
Harry Giles,POR,-11.1
Hassan Whiteside,SAC,-5.7
Henry Ellenson,TOR,10.6
Ignas Brazdeikis,3TM,2.8
Iman Shumpert,BRK,-5.2
Immanuel Quickley,NYK,6.6
Isaac Bonga,WAS,0.4
Isaac Okoro,CLE,-1.2
Isaiah Hartenstein,2TM,2.5
Isaiah Joe,PHI,-6.7
Isaiah Roby,OKC,-6.1
Isaiah Stewart,DET,5.2
Isaiah Thomas,NOP,6.4
Ish Smith,WAS,5.7
Ivica Zubac,LAC,-2.1
JJ Redick,2TM,-1.9
Ja Morant,MEM,3.4
JaKarr Sampson,IND,0.5
JaMychal Green,DEN,-1.6
JaVale McGee,2TM,0.4
Jabari Parker,2TM,-6.7
Jaden McDaniels,MIN,3.6
Jae Crowder,PHO,1.8
Jae'Sean Tate,HOU,8.6
Jahlil Okafor,DET,-6.4
Jahmi'us Ramsey,SAC,3.1
Jake Layman,MIN,-2.7
Jakob Poeltl,SAS,10.3
Jalen Brunson,DAL,4.2
Jalen Harris,TOR,1.1
Jalen Lecque,IND,-19.3
Jalen McDaniels,CHO,-9.2
Jalen Smith,PHO,-10.1
Jamal Murray,DEN,5.3
James Ennis III,ORL,7.6
James Harden,2TM,0.7
James Johnson,2TM,-7.8
James Nunnally,NOP,-6.9
James Wiseman,GSW,-14.6
Jared Dudley,LAL,-2.1
Jared Harper,NYK,-8.3
Jaren Jackson Jr.,MEM,-14.7
Jarred Vanderbilt,MIN,6.1
Jarrell Brantley,UTA,-16.2
Jarrett Allen,2TM,-0.4
Jarrett Culver,MIN,-6.5
Javonte Green,2TM,2.5
Jaxson Hayes,NOP,-0.6
Jay Scrubb,LAC,-5.5
Jaylen Adams,MIL,-44.1
Jaylen Brown,BOS,0.6
Jaylen Hoard,OKC,2.1
Jaylen Nowell,MIN,-1.1
Jayson Tatum,BOS,5.3
Jeff Green,BRK,-2.7
Jeff Teague,2TM,-0.4
Jerami Grant,DET,2.3
Jeremiah Martin,CLE,-13.6
Jeremy Lamb,IND,-0.3
Jerome Robinson,WAS,-15.1
Jevon Carter,PHO,-2.7
Jimmy Butler,MIA,10.7
Joe Harris,BRK,4.1
Joe Ingles,UTA,5.4
Joel Embiid,PHI,12.3
John Collins,ATL,4.5
John Konchar,MEM,0.2
John Wall,HOU,2.8
Jonas Valančiūnas,MEM,4.4
Jontay Porter,MEM,1.4
Jordan Bell,2TM,-17.6
Jordan Bone,ORL,-7.2
Jordan Clarkson,UTA,-3.5
Jordan McLaughlin,MIN,-1.4
Jordan Nwora,MIL,-5.0
Jordan Poole,GSW,-1.4
Josh Green,DAL,-0.3
Josh Hall,OKC,-3.4
Josh Hart,NOP,1.1
Josh Jackson,DET,2.2
Josh Okogie,MIN,-0.7
Josh Richardson,DAL,-4.7
Jrue Holiday,MIL,7.1
Juan Toscano-Anderson,GSW,4.3
Juancho Hernangómez,MIN,1.5
Julius Randle,NYK,0.2
Justin Holiday,IND,-1.8
Justin Jackson,2TM,6.8
Justin James,SAC,-4.9
Justin Patton,HOU,-8.3
Justin Robinson,OKC,-16.8
Justise Winslow,MEM,-7.9
Jusuf Nurkić,POR,7.3
Juwan Morgan,UTA,-42.8
KJ Martin,HOU,-5.5
KZ Okpala,MIA,-8.6
Karim Mané,ORL,-3.6
Karl-Anthony Towns,MIN,11.1
Kawhi Leonard,LAC,12.8
Keita Bates-Diop,SAS,-7.0
Kelan Martin,IND,15.3
Keldon Johnson,SAS,-5.4
Keljin Blevins,POR,-20.9
Kelly Olynyk,2TM,0.4
Kelly Oubre Jr.,GSW,-12.1
Kemba Walker,BOS,2.6
Kendrick Nunn,MIA,0.2
Kenrich Williams,OKC,7.8
Kent Bazemore,GSW,9.5
Kentavious Caldwell-Pope,LAL,0.4
Kevin Durant,BRK,10.3
Kevin Huerter,ATL,-2.0
Kevin Knox,NYK,-6.2
Kevin Love,CLE,4.1
Kevin Porter Jr.,HOU,-6.5
Kevon Looney,GSW,8.4
Khem Birch,2TM,3.6
Khris Middleton,MIL,-0.5
Khyri Thomas,HOU,13.2
Killian Hayes,DET,-5.6
Killian Tillie,MEM,8.1
Kira Lewis Jr.,NOP,1.8
Kostas Antetokounmpo,LAL,14.7
Kris Dunn,ATL,-35.8
Kristaps Porziņģis,DAL,-4.9
Kyle Anderson,MEM,0.8
Kyle Guy,SAC,-4.2
Kyle Kuzma,LAL,-8.5
Kyle Lowry,TOR,-0.8
Kyrie Irving,BRK,1.4
LaMarcus Aldridge,2TM,-3.6
LaMelo Ball,CHO,-3.4
Lamar Stevens,CLE,0.0
Landry Shamet,BRK,-4.2
Langston Galloway,PHO,-3.7
Larry Nance Jr.,CLE,2.8
Lauri Markkanen,CHI,-2.5
LeBron James,LAL,10.6
Lonnie Walker IV,SAS,-8.9
Lonzo Ball,NOP,2.7
Lou Williams,2TM,-4.4
Louis King,SAC,2.0
Luguentz Dort,OKC,5.6
Luka Dončić,DAL,3.0
Luka Šamanić,SAS,-4.3
Luke Kennard,LAC,-9.5
Luke Kornet,2TM,5.7
Malachi Flynn,TOR,-6.2
Malcolm Brogdon,IND,-1.5
Malik Beasley,MIN,-2.9
Malik Fitts,LAC,-30.7
Malik Monk,CHO,3.5
Mamadi Diakite,MIL,-0.2
Marc Gasol,LAL,1.7
Marcus Morris,LAC,-2.6
Marcus Smart,BOS,3.3
Markelle Fultz,ORL,4.3
Markieff Morris,LAL,-3.9
Markus Howard,DEN,-21.2
Marques Bolden,CLE,17.5
Marquese Chriss,GSW,-45.5
Marvin Bagley III,SAC,0.6
Mason Jones,2TM,-6.4
Mason Plumlee,DET,-1.4
Matisse Thybulle,PHI,1.6
Matt Thomas,2TM,-14.2
Matthew Dellavedova,CLE,6.1
Maurice Harkless,2TM,1.6
Max Strus,MIA,-5.8
Maxi Kleber,DAL,4.3
Meyers Leonard,MIA,-6.9
Mfiondu Kabengele,2TM,-11.5
Michael Carter-Williams,ORL,8.1
Michael Porter Jr.,DEN,7.4
Mikal Bridges,PHO,4.4
Mike Conley,UTA,13.2
Mike James,BRK,-1.9
Mike Muscala,OKC,12.1
Mike Scott,PHI,-7.8
Miles Bridges,CHO,5.5
Mitchell Robinson,NYK,-5.5
Miye Oni,UTA,-0.6
Mo Bamba,ORL,-5.6
Monte Morris,DEN,1.6
Montrezl Harrell,LAL,-2.5
Moritz Wagner,3TM,-4.3
Moses Brown,OKC,-11.3
Mychal Mulder,GSW,3.0
Myles Turner,IND,1.5
Naji Marshall,NOP,-2.5
Nassir Little,POR,-5.8
Nate Darling,CHO,-65.2
Nate Hinton,DAL,-32.4
Nathan Knight,ATL,-6.3
Naz Reid,MIN,-8.7
Nemanja Bjelica,2TM,-4.4
Nerlens Noel,NYK,-3.2
Nic Claxton,BRK,10.4
Nick Richards,CHO,-12.1
Nickeil Alexander-Walker,NOP,-2.7
Nico Mannion,GSW,-11.3
Nicolas Batum,LAC,5.3
Nicolò Melli,2TM,1.6
Nikola Jokić,DEN,6.4
Nikola Vučević,2TM,-1.1
Noah Vonleh,BRK,-81.4
Norman Powell,2TM,1.7
Norvel Pelle,3TM,9.6
OG Anunoby,TOR,7.0
Obi Toppin,NYK,0.3
Onyeka Okongwu,ATL,-10.0
Oshae Brissett,IND,6.6
Otto Porter Jr.,2TM,-1.7
P.J. Tucker,2TM,-1.9
P.J. Washington,CHO,4.1
PJ Dozier,DEN,7.6
Pascal Siakam,TOR,8.6
Pat Connaughton,MIL,2.6
Patrick Beverley,LAC,3.3
Patrick McCaw,TOR,-27.6
Patrick Patterson,LAC,-6.0
Patrick Williams,CHI,-13.0
Patty Mills,SAS,6.3
Paul George,LAC,10.2
Paul Millsap,DEN,-0.6
Paul Reed,PHI,4.3
Paul Watson,TOR,-1.1
Payton Pritchard,BOS,-1.0
Precious Achiuwa,MIA,-8.0
Quinn Cook,2TM,2.6
Quinndary Weatherspoon,SAS,-23.0
R.J. Hampton,2TM,-9.5
RJ Barrett,NYK,0.4
Rajon Rondo,2TM,-3.7
Raul Neto,WAS,2.1
Ray Spalding,HOU,-15.8
Rayjon Tucker,PHI,-15.6
Reggie Bullock,NYK,-1.3
Reggie Jackson,LAC,2.7
Reggie Perry,BRK,-10.5
Richaun Holmes,SAC,8.4
Ricky Rubio,MIN,0.5
Robert Covington,POR,7.0
Robert Franks,ORL,-5.6
Robert Williams,BOS,-0.9
Robert Woodard II,SAC,14.1
Robin Lopez,WAS,0.0
Rodions Kurucs,3TM,2.5
Rodney Hood,2TM,-9.4
Rodney McGruder,DET,2.3
Romeo Langford,BOS,-12.9
Rondae Hollis-Jefferson,POR,0.2
Royce O'Neale,UTA,3.7
Rudy Gay,SAS,10.1
Rudy Gobert,UTA,19.1
Rui Hachimura,WAS,-1.8
Russell Westbrook,WAS,1.3
Ryan Arcidiacono,CHI,1.9
Saben Lee,DET,-1.1
Saddiq Bey,DET,-2.7
Sam Merrill,MIL,-13.4
Sean McDermott,MEM,-19.8
Sekou Doumbouya,DET,-3.3
Semi Ojeleye,BOS,-0.9
Serge Ibaka,LAC,1.8
Seth Curry,PHI,4.4
Shai Gilgeous-Alexander,OKC,4.4
Shake Milton,PHI,-2.5
Shaquille Harrison,2TM,-14.5
Sindarius Thornwell,2TM,5.0
Skylar Mays,ATL,-0.2
Solomon Hill,ATL,-1.0
Spencer Dinwiddie,BRK,24.2
Stanley Johnson,TOR,-7.7
Stephen Curry,GSW,8.6
Sterling Brown,HOU,3.1
Steven Adams,NOP,0.8
Svi Mykhailiuk,2TM,-0.5
T.J. Leaf,POR,-27.2
T.J. McConnell,IND,4.5
T.J. Warren,IND,1.4
Tacko Fall,BOS,11.1
Taj Gibson,NYK,7.4
Talen Horton-Tucker,LAL,-2.0
Taurean Prince,2TM,0.1
Terance Mann,LAC,-5.0
Terence Davis,2TM,-0.4
Terrance Ferguson,PHI,-23.0
Terrence Ross,ORL,0.8
Terry Rozier,CHO,0.1
Thaddeus Young,CHI,10.2
Thanasis Antetokounmpo,MIL,-2.6
Theo Pinson,NYK,-14.6
Thomas Bryant,WAS,-1.6
Thon Maker,CLE,-1.0
Théo Maledon,OKC,-12.8
Tim Frazier,MEM,3.2
Tim Hardaway Jr.,DAL,-2.5
Timothé Luwawu-Cabarrot,BRK,-7.7
Tobias Harris,PHI,4.0
Tomáš Satoranský,CHI,1.7
Tony Bradley,2TM,2.5
Tony Snell,ATL,1.5
Torrey Craig,2TM,-9.7
Trae Young,ATL,7.1
Tre Jones,SAS,-16.2
Tremont Waters,BOS,-3.9
Trent Forrest,UTA,-16.8
Trevor Ariza,MIA,4.0
Trey Burke,DAL,-2.2
Trey Lyles,SAS,-14.4
Tristan Thompson,BOS,0.0
Troy Brown Jr.,2TM,3.1
Ty Jerome,OKC,2.5
Ty-Shon Alexander,PHO,-11.3
Tyler Bey,DAL,-30.0
Tyler Cook,2TM,0.0
Tyler Herro,MIA,-5.3
Tyler Johnson,BRK,-0.2
Tyrell Terry,DAL,-3.9
Tyrese Haliburton,SAC,-2.3
Tyrese Maxey,PHI,-10.6
Tyus Jones,MEM,-6.6
Udoka Azubuike,UTA,-59.8
Udonis Haslem,MIA,66.7
Vernon Carey Jr.,CHO,-5.2
Victor Oladipo,3TM,1.8
Vincent Poirier,PHI,-25.7
Vlatko Čančar,DEN,-23.8
Wayne Ellington,DET,0.5
Wendell Carter Jr.,2TM,-6.4
Wenyen Gabriel,NOP,1.1
Wes Iwundu,2TM,-9.5
Wesley Matthews,LAL,-0.9
Will Barton,DEN,2.5
Will Magnay,NOP,-142.4
Willie Cauley-Stein,DAL,7.6
Willy Hernangómez,NOP,0.6
Xavier Tillman Sr.,MEM,1.2
Yogi Ferrell,2TM,-2.9
Yuta Watanabe,TOR,-2.6
Zach LaVine,CHI,0.8
Zeke Nnaji,DEN,-14.3
Zion Williamson,NOP,5.6
